patente_id,nro_registro,nro_expediente_db,nro_expediente_indecopi,tipo,titulo,ipc_codigo,fuente,fuente_url,estado_revision,notas
164,3490,00735-2001,000735-2001/DIN,Patente de invención,PAPILLA INFANTIL INSTANTANEA,A23L 1/305,INDECOPI,https://enlinea.indecopi.gob.pe/appConsultasPublicas/#/procedimientos/propiedad-intelectual/invensiones-tecnologia?form=expediente,verificado,INDECOPI: Nº DE EXPEDIENTE 000735-2001/OIN
522,000985-2006/OIN-INDECOPI,000635-2004/OIN,000635-2004/DIN,Modelo de utilidad,Portabotella,B65D 5/46,INDECOPI,https://enlinea.indecopi.gob.pe/appConsultasPublicas/#/procedimientos/propiedad-intelectual/invensiones-tecnologia?form=expediente,verificado,INDECOPI: Nº DE EXPEDIENTE 000635-2004/OIN
1,6415,354-2009/DIN,000354-2009/DIN,Patente de invención,Procedimiento para obtener agregado de construcción a partir de relaves polimetálicos y ladrillos o baldosas obtenidas de dicho agregado,C04B 35/00,INDECOPI,https://enlinea.indecopi.gob.pe/appConsultasPublicas/#/procedimientos/propiedad-intelectual/invensiones-tecnologia?form=expediente,verificado,
191,1,944-2011,000944-2011/DIN,Patente de invención,PROCEDIMIENTO PARA LA ESCARIFICACION DE SEMILLAS DE TARA (Caesalpinia spinosa),,,,pendiente,
6,8112,1648-2011/DIN,001648-2011/DIN,Patente de invención,Obtención de nanopartículas de cobre (0) mediante la síntesis asistida vía ultrasonido y microondas,B82B 3/00,INDECOPI,https://enlinea.indecopi.gob.pe/appConsultasPublicas/#/procedimientos/propiedad-intelectual/invensiones-tecnologia?form=expediente,verificado,"Revisar: posibles expedientes adicionales 001648-2011; 000704-2016"
6,8112,1648-2011/DIN,001648-2011/DIN,Patente de invención,Obtención de nanopartículas de cobre (0) mediante la síntesis asistida vía ultrasonido y microondas,C06B 45/02,INDECOPI,https://enlinea.indecopi.gob.pe/appConsultasPublicas/#/procedimientos/propiedad-intelectual/invensiones-tecnologia?form=expediente,verificado,"Revisar: posibles expedientes adicionales 001648-2011; 000704-2016"
264,9106,308-2014,000308-2014/DIN,Patente de invención,Procedimiento para la preparación de un extracto estabilizado de camu camu y pantalla solar con actividad antioxidante y fotoprotectora,,,,pendiente,
51,9607,2491-2014/DIN,002491-2014/DIN,Patente de invención,Método para obtener láminas plásticas con propiedades bactericidas que contienen nanopartículas de cobre (0) y cuero residual,,,,pendiente,
152,0789,002270-2015,002270-2015/DIN,Modelo de utilidad,Mesa para determinar la capacidad de anclaje de los pernos de roca,,,,pendiente,
160,001355 2020,002565-2015/DIN,002565-2015/DIN,Patente de invención,PLANTAS DE CAUCHO BACTERICIDAS PARA ZAPATOS Y ZAPATILLAS CON R-CUERO Y NANOCROBRE ANTIBACTERIAL,,,,pendiente,
216,10137,2057-2016/DIN,002057-2016/DIN,Patente de invención,PROCESO PARA LA OBTENCIÓN DE NANOPARTÍCULAS DE COBRE (0),,,,pendiente,
37,1185,1617-2017/DIN,001617-2017/DIN,Modelo de utilidad,Cizalladora rodante para la explotación del carbón mineral,A61N 2/08,INDECOPI,https://enlinea.indecopi.gob.pe/appConsultasPublicas/#/procedimientos/propiedad-intelectual/invensiones-tecnologia?form=expediente,verificado,
261,001402 2022,002280-2017 DIN,002280-2017/DIN,Patente de invención,MÉTODO PARA LA OBTENCIÓN DE NANOPARTÍCULAS DE COBRE RECUBIERTAS CON PLATA APLICANDO RADIACIÓN MICROONDAS,,,,pendiente,
267,001819 2022,002279-2017,002279-2017/DIN,Patente de invención,MÉTODO PARA LA OBTENCIÓN DE LAMINADOS ANTIBACTERIALES DE CUERO SINTÉTICO (CLORURO DE POLIVINILO) CONTENIENDO NANOPARTÍCULAS CORE-SHELL CU@AG,,,,pendiente,
180,1120,2742-2017,002742-2017/DIN,Modelo de utilidad,SISTEMA DE VENTILACIÓN PARA BUSES URBANOS DE ALTA CAPACIDAD,,,,pendiente,
263,0408,000408-2018/DIN,000408-2018/DIN,Patente de invención,SISTEMA DE FLOTACIÓN Y PROTECCIÓN PARA NODOS DE REDES INALÁMBRICAS DE SENSORES PARA POZAS DE ACUICULTURA O RÍOS EN AMBIENTES AMAZÓNICOS,,,,pendiente,
155,001239,001116-2018/DIN,001116-2018/DIN,Modelo de utilidad,SISTEMA PARA MINIMIZAR ENERGÍA EN REDES DE SENSORES INALÁMBRICOS UTILIZANDO VEHÍCULOS AÉREOS NO TRIPULADOS,,,,pendiente,
202,1345,1598-2018,001598-2018/DIN,Modelo de utilidad,Guante con mecanismo de reversión manual,,,,pendiente,
192,1352,1562-2018,001562-2018/DIN,Modelo de utilidad,Contenedor de alimentos granulados,,,,pendiente,
207,CGO 009 2020,002012-2018/DIN,002012-2018/DIN,Modelo de utilidad,Simulador para entrenamiento en Cirugia Cardiovascular,,,,pendiente,
320,001690,Nº 002167-2018/DIN,002167-2018/DIN,Patente de invención,PROCEDIMIENTO PARA LA FORMULACIÓN DE COMPÓSITOS DE RELAVES CON AGENTES REMEDIANTES CON CURADO HÚMEDO O SECO Y COMPOSICIÓN DE AGREGADOS DE CONCRETO NO CONVENCIONALES Y FABRICACIÓN DE LADRILLOS ECOTECNOLÓGICOS,,,,pendiente,
179,1284,3359-2018,003359-2018/DIN,Modelo de utilidad,TRANSFORMADOR ELÉCTRICO DE POTENCIA CON FILTRO INCORPORADO,,,,pendiente,
8,7891,,002484-2012/DIN,Patente de invención,Síntesis rápida de nanocobre(0) vía microondas-ultrasonido estabilizado con oligomeros tipo tereftalato de bis-2-hidroxietilo (bhet),B22F 9/16,INDECOPI,https://enlinea.indecopi.gob.pe/appConsultasPublicas/#/procedimientos/propiedad-intelectual/invensiones-tecnologia?form=expediente,verificado,
8,7891,,002484-2012/DIN,Patente de invención,Síntesis rápida de nanocobre(0) vía microondas-ultrasonido estabilizado con oligomeros tipo tereftalato de bis-2-hidroxietilo (bhet),B22F 9/20,INDECOPI,https://enlinea.indecopi.gob.pe/appConsultasPublicas/#/procedimientos/propiedad-intelectual/invensiones-tecnologia?form=expediente,verificado,
13,7864,,002339-2013/DIN,Patente de invención,Desarrollo de espumas poliuretanicas bactericidas con nanoplata obtenido por reducción química in-situ vía ultrasonido,A61K 33/38,INDECOPI,https://enlinea.indecopi.gob.pe/appConsultasPublicas/#/procedimientos/propiedad-intelectual/invensiones-tecnologia?form=expediente,verificado,
53,002715,001335-2019/DIN,001335-2019/DIN,Patente de invención,NANOADSORBENTES MAGNÉTICOS COMPUESTOS DE ZEOLITAS TIPO 5A Y MAGHEMITA PARA LA EFICIENTE CAPTURA Y REMOCIÓN DE PLOMO DEL AGUA,,,,pendiente,"Revisar: posibles expedientes adicionales 001335-2019; 002715-2023"
326,12076,001518-2019 DIN,001518-2019/DIN,Patente de invención,MÉTODO PARA LA OBTENCIÓN DE MICROESTRUCTURAS CRISTALINAS DE COBRE (0) APLICANDO RADIACIÓN MICROONDAS SOBRE UNA MEZCLA BINARIA DE BUTANOL-GLICERINA,,,,pendiente,
194,1481,001682-2019/DIN,001682-2019/DIN,Modelo de utilidad,Dispositivo de Generación de Gas Hidrógeno y Oxígeno para su inyección en motores a combustión interna de cuatro tiempos.,,,,pendiente,
360,12235,001758-2019,001758-2019/DIN,Patente de invención,MÉTODO DE CRIOPRESERVACIÓN PARA CÉLULAS ESPERMATOGONIALES DE ALPACA,,,,pendiente,
421,12235,001758-2019,001758-2019/DIN,Patente de invención,MÉTODO DE CRIOPRESERVACIÓN PARA CÉLULAS ESPERMATOGONIALES DE ALPACA,,,,pendiente,
422,12798,001759-2019,001759-2019/DIN,Patente de invención,MEDIO DE CRIOPRESERVACIÓN SUPLEMENTADO CON LEPIDIUM MEYENII,,,,pendiente,
423,12751,001760-2019,001760-2019/DIN,Patente de invención,MÉTODO DE CRIOPRESERVACIÓN DE BIOPSIAS TESTICULARES DE ALPACA (VICUGNA PACOS),,,,pendiente,
265,1402,2003-2019,002003-2019/DIN,Modelo de utilidad,FOLDER CON FASTENER DESGLOSABLE,,,,pendiente,
64,2494,002090-2019/DIN,002090-2019/DIN,Modelo de utilidad,"MÁQUINA DISPENSADORA DE AGUA PARA PREPARADO DE BEBIDAS FILTRANTES, CON MECANISMOS DE PAGO",,,,pendiente,
199,1429,002090-2019,002090-2019/DIN,Modelo de utilidad,MÁQUINA DISPENSADORA DE BEBIDAS FILTRANTES CON MECANISMO DE PAGOS,,,,pendiente,
431,354-2024,2121-2019,002121-2019/DIN,Patente de invención,EQUIPO Y PROCESAMIENTO DE ENFRIAMIENTO Y NEUTRALIZACIÓN DEL AGUA DE PURGAS DE CALDERAS,,,,pendiente,
209,1231,002177-2019,002177-2019/DIN,Modelo de utilidad,"SISTEMA DE CASCO DE SEGURIDAD PARA EL MONITOREO DE LA LOCALIZACIÓN INALÁMBRICA Y CONDICIONES AMBIENTALES, PARA LA DETECCIÓN DE SITUACIONES DE EMERGENCIA EN MINERÍA SUBTERRÁNEA",,,,pendiente,
308,000338 2023,002175-2019,002175-2019/DIN,Patente de invención,MÉTODO DE PREPARACIÓN DE COMPÓSITOS DE RESINA DE POLIÉSTER INSATURADO REFORZADOS CON MICROESTRUCTURAS CRISTALINAS DE COBRE (0),,,,pendiente,
210,840-2021/DIN-INDECOPI,2494-2019/DIN,002494-2019/DIN,Modelo de utilidad,UN DISPOSITIVO PARA LEER Y COMPARAR MÚLTIPLES MEDICIONES DE PARÁMETROS A LA VEZ EN EQUIPOS DE LABOTARIO DE INGENIERÍA,,,,pendiente,
208,2687,002687-2019,002687-2019/DIN,Modelo de utilidad,DISPOSITIVO PARA SOPORTE Y VENTILACIÓN DE BATERÍAS SOLARES,,,,pendiente,
218,2689,002689-2019/DIN,002689-2019/DIN,Modelo de utilidad,SISTEMA EÓLICO-ELÉCTRICO CON REDIRECCIÓN DE VIENTO Y DE VELOCIDAD DE ROTACIÓN CONTROLADA INSTALADA EN TECHOS DE VEHÍCULOS TERRESTRE,,,,pendiente,
76,1122,,002788-2017/DIN,Modelo de utilidad,CELDA ELECTROQUÍMICA VERTICAL MULTIELECTRODO DE FLUJO PARA MEDICIONES ELECTROQUÍMICAS,,,,pendiente,
266,1685,597-2020,000597-2020/DIN,Modelo de utilidad,UN GUANTE CON MECANISMO DISPENSADOR DE ANTISEPTICO,,,,pendiente,
219,002112,000891-2020,000891-2020/DIN,Modelo de utilidad,MASCARILLA REUTILIZABLE CON FILTROS DESCARTABLES DE BAJO COSTO,,,,pendiente,
242,000591,000898-2020/DIN,000898-2020/DIN,Modelo de utilidad,TACHO DE BASURA COMPRESOR CON COMPARTIMIENTO PARA RECICLAJE,,,,pendiente,
243,590,894-2020,000894-2020/DIN,Modelo de utilidad,“CONDENSADOR MECÁNICO ELÉCTRICO DE NEBLINA,,,,pendiente,
244,303,895-2020,000895-2020/DIN,Modelo de utilidad,“RECOLECTOR DE ENERGÍA SONORA,,,,pendiente,
246,544-2022/DIN-INDECOPI,892-2020/DIN,000892-2020/DIN,Modelo de utilidad,COMPUERTA PARA TECHOS DE BUSES CON SISTEMA DE REFRIGERACIÓN A BASE DE CELDAS PELTIER,,,,pendiente,
478,13145,896-2020,000896-2020/DIN,Patente de invención,APARATO ASISTENTE PARA SUPERAR OBSTÁCULOS CON SILLAS DE RUEDAS,,,,pendiente,
128,002229 2018,,002229-2018/DIN,Patente de invención,NUEVO MÉTODO PARA PREPARAR EL COMPUESTO OXOTETRACLOROTETRAHIDROFURANO MOLIBDENO (V) DE TETRABUTIL AMONIO [Bu4N] Mo(V)OCl4.THF,,,,pendiente,
147,000621 2020,,002057-2016/DIN,Patente de invención,"OBTENCIÓN DE NANOPOLVOS DE COBRE OBTENIDOS POR REDUCCIÓN QUÍMICA SOBRE FASES HETEROGÉNEAS, APLICANDO RADIACIÓN MICROONDAS Y MECANOSÍNTESIS POR VÍA HÚMEDA A ESCALA PILOTO",,,,pendiente,
148,000865 2020,,002151-2015/DIN,Patente de invención,MÉTODO PARA LA PREPARACIÓN DE NANOCRISTALES DE COBRE (0) APLICANDO RADIACIÓN MICROONDAS EN UN SISTEMA BINARIO AGUA SOLVENTE POR INTERCAMBIO DE FASES,,,,pendiente,
307,1871,001913-2020/DIN,001913-2020/DIN,Modelo de utilidad,EQUIPO DE ELECTROHILADO DE INYECTORES MÚLTIPLES,,,,pendiente,
268,2057,2001-2020,002001-2020/DIN,Modelo de utilidad,MÓDULO RECEPTOR FM CON DECODIFICADOR RDS,,,,pendiente,
232,000062,002042-2020/DIN,002042-2020/DIN,Modelo de utilidad,MÁQUINA DESINFECTADORA DE DINERO,,,,pendiente,
253,726,2041-2020,002041-2020/DIN,Modelo de utilidad,PLATAFORMA PIEZOELÉCTRICA CONTADORA DE AFORO Y CONTROL DE TEMPERATURA CON ENERGÍA AUTOSUSTENTABLE,,,,pendiente,
231,2179-2021/DIN-INDECOPI,002208-2020/DIN,002208-2020/DIN,Modelo de utilidad,CONO DE SEÑALIZACIÓN INTELIGENTE CON SISTEMA DE ELEVACIÓN,,,,pendiente,
258,1810,2209-2020,002209-2020/DIN,Modelo de utilidad,PLATAFORMA HIDRÁULICA DE APOYO REGULABLE,,,,pendiente,
311,000576,002275-2020/DIN,002275-2020/DIN,Modelo de utilidad,EQUIPO MEDIDOR DE CALIDAD DE AIRE CON AUTO CALIBRACIÓN AL VACÍO,,,,pendiente,
342,0,EXPEDIENTE Nº 002271-2019/DIN,002271-2019/DIN,Modelo de utilidad,MÓDULO MULTIPRUEBAS DE COMPONENTES ELECTROMÉCANICOS Y ELECTRÓNICOS PARA VEHÍCULOS MENORES,,,,pendiente,
334,398,001247-2021/DIN,001247-2021/DIN,Modelo de utilidad,HERRAMIENTA PERSONAL DE EXCAVACIÓN Y TRANSPORTE DE DETRITOS,,,,pendiente,
335,354,1246-2021,001246-2021/DIN,Modelo de utilidad,BROCHA PARA PINTURA CON PREVENCIÓN DE GOTEOS,,,,pendiente,
309,361,1552-2021,001552-2021/DIN,Modelo de utilidad,JARDIN HIDROPÓNICO PIRAMIDAL CON ROTACIÓN,,,,pendiente,
312,839,1553-2021,001553-2021/DIN,Modelo de utilidad,SECCIONADOR DE MESAS PARA RESTAURANTES,,,,pendiente,
318,000915,001687-2021/DIN,001687-2021/DIN,Modelo de utilidad,CARRO PORTA GARRAFÓN DE AGUA CON SISTEMA DE ELEVACIÓN,,,,pendiente,
322,2033,2029-2021,002029-2021/DIN,Modelo de utilidad,APARATO DE PROTECCIÓN ODONTOLÓGICO CON UN BRAZO FLEXIBLE COMO SOPORTE DE UN ASPIRADOR DE SECRECIONES,,,,pendiente,
336,1342,2097-2021/DIN,002097-2021/DIN,Modelo de utilidad,SOPORTE PARA LA ESTIMULACIÓN DE ESCRITURA,,,,pendiente,
337,1341,002096-2021/DIN,002096-2021/DIN,Modelo de utilidad,MOTA PARA TIZA MULTIFUNCIONAL CON RECOLECTOR DE POLVILLO,,,,pendiente,
428,2213-2023,67-2022,000067-2022/DIN,Modelo de utilidad,Equipo de tratamiento de residuos sólidos,,,,pendiente,
429,2092-2023,66-2022,000066-2022/DIN,Modelo de utilidad,PANEL PUBLICITARIO AUTOSUSTENTABLE,,,,pendiente,
430,3215-2023,68-2022,000068-2022/DIN,Modelo de utilidad,Aspersor de limpieza para buses,,,,pendiente,
319,001472,000354-2022/DIN,000354-2022/DIN,Modelo de utilidad,INSTRUMENTO DE ESCRITURA EN BRAILLE CON TRADUCTOR A VOZ,,,,pendiente,
339,23,000351-2022/DIN,000351-2022/DIN,Modelo de utilidad,ESCRITORIO INTELIGENTE PLEGABLE CON RECONOCIMIENTO BIOMÉTRICO,,,,pendiente,
359,2187,000391-2022,000391-2022/DIN,Modelo de utilidad,FERMENTADOR DE CAFÉ EN UNA ETAPA CON AGITADOR HELICOIDAL,,,,pendiente,
432,2691-2023,488-2022,000488-2022/DIN,Modelo de utilidad,"SISTEMA DE CULTIVO, ARADO E IRRIGACIÓN DE INVERNADEROS SUBTERRÁNEOS",,,,pendiente,
433,3073-2023,486-2022,000486-2022/DIN,Modelo de utilidad,CAPA GEOTÉRMICA DE INVERNADERO,,,,pendiente,
434,2692-2023,494-2022,000494-2022/DIN,Modelo de utilidad,TECLADO INALÁMBRICO DE AUTO CARGA PIEZOELÉCTRICA,,,,pendiente,
439,1078-2024,485-2022/DIN,000485-2022/DIN,Modelo de utilidad,ROMPE MUELLE GENERADOR PIEZOELÉCTRICO,,,,pendiente,
405,1,000520-2022/DIN,000520-2022/DIN,Modelo de utilidad,ESTACIÓN DE TRABAJO REMOTO PARA PADRES,,,,pendiente,
406,1,000611-2022/DIN,000611-2022/DIN,Modelo de utilidad,EQUIPO AUXILIAR PARA EL LAVADO ÓTICO,,,,pendiente,
407,1,000610-2022/DIN,000610-2022/DIN,Modelo de utilidad,ORTESIS SEMIRIGIDO DE PRESOTERAPIA PARA EXTREMIDADES,,,,pendiente,
427,2237,000719-2022/DIN,000719-2022/DIN,Modelo de utilidad,UN EQUIPO DE ELECTROHILADO CON SISTEMA DE ENROLLADO DOBLE DE TELA Y ESTERILIZADOR DE MEMBRANAS,,,,pendiente,"Revisar: posibles expedientes adicionales 000719-2022; 000001-2025; 000003-2024; 000004-2024"
340,27,001811-2022/DIN,001811-2022/DIN,Modelo de utilidad,Silla con corrector de postura para estudiantes,,,,pendiente,
408,1,001810-2022/DIN,001810-2022/DIN,Modelo de utilidad,Pastillero electrónico con sistema de trituración incorporado,,,,pendiente,
395,001740-2024/DIN-INDECOPI,001976-2022/DIN,001976-2022/DIN,Modelo de utilidad,SISTEMA DE DIAGNÓSTICO DE EMERGENCIAS MÉDICAS,,,,pendiente,
474,003473-2024/DIN-INDECOPI,001978-2022/DIN,001978-2022/DIN,Modelo de utilidad,CONTROL REMOTO DE EQUIPOS PARA PRUEBAS MÉDICAS,,,,pendiente,
328,1,002056-2022/DIN ,002056-2022/DIN,Modelo de utilidad,Bolsa ergonómica de colección de heces de alpacas,,,,pendiente,
341,27O2,002049-2022/DIN,002049-2022/DIN,Modelo de utilidad,CALCULADORA GRAFICADORA CON SISTEMA DE IMPRESIÓN DE GRÁFICOS POR INYECCIÓN,,,,pendiente,
364,000638,002050-2022/DIN ,002050-2022/DIN,Modelo de utilidad,Mochila autónoma de carga suspendida con sistema de refrigeración,,,,pendiente,
454,966-2024,2196-2022,002196-2022/DIN,Modelo de utilidad,SISTEMA TÉRMICO CIRCULADO PARA INVERNADEROS SUBTERRÁNEOS,,,,pendiente,
455,967-2024/DIN-INDECOPI,2602-2022/DIN,002602-2022/DIN,Modelo de utilidad,SISTEMA DE INSERCIÓN DE CULTIVO A TIERRAS EXTERNAS PARA INVERNADERO,,,,pendiente,
437,929-2024,2651-2022,002651-2022/DIN,Modelo de utilidad,EQUIPO PROCESADOR DE CARBON NATURAL PORTÁTIL CON FILTRO,,,,pendiente,
440,1322-2024,2652-2022,002652-2022/DIN,Modelo de utilidad,MASCARILLA DE FILTRO CAMBIABLE,,,,pendiente,
441,1892-2024,2648-2022,002648-2022/DIN,Modelo de utilidad,BOMBEADORA DE MEZCLA PROTECTORA PARA INVERNADEROS SUBTERRÁNEOS,,,,pendiente,
416,1,002697-2022/DIN,002697-2022/DIN,Modelo de utilidad,MOCHILA ERGONÓMICA PARA ESTUDIANTES CON SISTEMA DE CALEFACCIÓN,,,,pendiente,
410,1,002704-2022/DIN,002704-2022/DIN,Modelo de utilidad,PISTOLA PARA BLANQUEAMIENTO DENTAL HÍBRIDA,,,,pendiente,
411,1,002706-2022/DIN,002706-2022/DIN,Modelo de utilidad,COLGADOR PORTÁTIL CON DESINFECCIÓN UV Y PLANCHA VAPORIZADORA,,,,pendiente,
412,1,002707-2022/DIN,002707-2022/DIN,Modelo de utilidad,PORTACUADROS ILUMINADO CON SISTEMA DE PRESERVACIÓN  DE DOCUMENTOS O PINTURAS,,,,pendiente,
413,1,002709-2022/DIN,002709-2022/DIN,Modelo de utilidad,SISTEMA ECOLÓGICO DE MOLIENDA DE GRANOS,,,,pendiente,
414,1,002710-2022/DIN,002710-2022/DIN,Modelo de utilidad,LIMPIA PARABRISAS AUTÓNOMO PARA VENTANAS EXTERIORES,,,,pendiente,
415,1,002711-2022/DIN,002711-2022/DIN,Modelo de utilidad,"SISTEMA AUTOMATIZADO PARA EL PELADO, LAVADO, DESINFECCIÓN Y CORTADO DE PAPAS",,,,pendiente,
438,1168-2024,2855-2022/DIN,002855-2022/DIN,Modelo de utilidad,KIT DE ESCALERA DE EMERGENCIA ENROLLABLE,,,,pendiente,
444,3480-2024,2856-2022,002856-2022/DIN,Modelo de utilidad,FOCOS DECORATIVOS Y AHORRADORES CON AGUA,,,,pendiente,
525,RESOLUCIÓN Nº 001168-2024/DIN-INDECOPI,002855-2022/DIN,002855-2022/DIN,Modelo de utilidad,KIT DE ESCALERA DE EMERGENCIA ENROLLABLE,,,,pendiente,
526,RESOLUCIÓN Nº 001477-2024/DIN-INDECOPI,002853-2022/DIN,002853-2022/DIN,Modelo de utilidad,ASPIRADORA MECÁNICA,,,,pendiente,
527,001478-2024/DIN-INDECOPI,002857-2022/DIN,002857-2022/DIN,Modelo de utilidad,PASAMANOS HORIZONTAL PARA TECHOS DE BUSES CON INYECCIÓN DE AIRE FRESCO,,,,pendiente,
528,RESOLUCIÓN Nº 001852-2024/DIN-INDECOPI,002854-2022/DIN,002854-2022/DIN,Modelo de utilidad,BOYAS GENERADORAS DE ELECTRICIDAD PARA TRANSPORTE MARINO,,,,pendiente,
529,003480-2024/DIN-INDECOPI,002856-2022/DIN,002856-2022/DIN,Modelo de utilidad,FOCOS DECORATIVOS Y AHORRADORES DE ENERGÍA,,,,pendiente,
442,2091-2024,2937-2022,002937-2022/DIN,Modelo de utilidad,LEVANTADOR DE CAJAS,,,,pendiente,
443,3481-2024,2943-2022,002943-2022/DIN,Modelo de utilidad,SISTEMA PORTÁTIL PARA EL DESCONGELAMIENTO DE MARISCOS,,,,pendiente,
468,3639-2024,2935-2022,002935-2022/DIN,Modelo de utilidad,BANCO PRESS ELÉCTRICO,,,,pendiente,
452,283,811-2023/DIN,000811-2023/DIN,Modelo de utilidad,LENTES DE CAPTURA DE IMAGEN INALÁMBRICO,,,,pendiente,
409,1,000006-2023/DIN,000006-2023/DIN,Modelo de utilidad,MOTA MULTIFUNCIONAL PARA PIZARRA ACRILICA,,,,pendiente,
469,3742-2024,1-2023,000001-2023/DIN,Modelo de utilidad,EQUIPO DE CORTE EN L PARA LÍNEA DE PROCESAMIENTO,,,,pendiente,
463,3093-2024,823-2023,000823-2023/DIN,Modelo de utilidad,ADAPTADOR DE CAÑO CONTROLADOR DE CAUDAL,,,,pendiente,
464,3028-2024,821-2023,000821-2023/DIN,Modelo de utilidad,LAPICERO CINÉTICO,,,,pendiente,
465,469-2025,826-2023,000826-2023/DIN,Modelo de utilidad,SISTEMA DE GENERACIÓN ELÉCTRICA PARA SCOOTERS,,,,pendiente,
479,814-2025,814-2023,000814-2023/DIN,Modelo de utilidad,DISPOSITIVO PORTÁTIL DE ESCANEO CON CÁMARA,,,,pendiente,
503,1090-2025,824-2023/DIN,000824-2023/DIN,Modelo de utilidad,BASURERO GENERADOR DE ENERGÍA ELÉCTRICA,,,,pendiente,
404,1,1191-2023/DIN,001191-2023/DIN,Modelo de utilidad,CARPETA AUTÓNOMA PARA CONTROL DE ESTRÉS Y ESTIMULACIÓN DE APRENDIZAJE,,,,pendiente,
467,3300-2024,1433-2023,001433-2023/DIN,Modelo de utilidad,PIANO DE APRENDIZAJE DIDÁCTICO AUTOSUFICIENTE,,,,pendiente,"Revisar: posibles expedientes adicionales 001433-2023; 000011-2024; 000002-2025; 014384-2025; 000012-2025"
502,934-2025,1432-2023/DIN,001432-2023/DIN,Modelo de utilidad,CONTENEDOR PARA LA PRESERVACIÓN DE ARROZ COCIDO,,,,pendiente,
470,3097-2024,1466-2023,001466-2023/DIN,Modelo de utilidad,SISTEMA COMPLEMENTARIO DE SEGUIMIENTO DE LUZ SOLAR PARA UN JARDÍN HIDROPÓNICO,,,,pendiente,
476,753-2025/DIN-INDECOPI,1464-2023/DIN,001464-2023/DIN,Modelo de utilidad,COMPLEMENTO DE FILTRADO PARA SISTEMA DE COSECHA DE LLUVIAS,,,,pendiente,
480,861-2025/DIN-INDECOPI,1468-2023/DIN,001468-2023/DIN,Modelo de utilidad,TIMBALES DE APRENDIZAJE DIDÁCTICO,,,,pendiente,
496,1751-2025,1467-2023/DIN,001467-2023/DIN,Modelo de utilidad,TABLA PARA CUADERNOS CON LUZ RECARGABLE Y DE GUARDADO SENCILLO,,,,pendiente,
417,1,001548-2023/DIN,001548-2023/DIN,Modelo de utilidad,PORTA GAFAS CON SISTEMA DE LIMPIEZA INTEGRADO,,,,pendiente,
497,1546-2025,2164-2023,002164-2023/DIN,Modelo de utilidad,MEDIAS SECCIONABLES DE FÁCIL LAVADO,,,,pendiente,
466,687-2025,2356-2023,002356-2023/DIN,Modelo de utilidad,DESTILADORA DE AGUA FARMACÉUTICO EXTENDIDO,,,,pendiente,
498,1552-2025,3351-2023/DIN,003351-2023/DIN,Modelo de utilidad,MARTILLO DE REFLEJOS CON GENERACIÓN EN IMPACTO,,,,pendiente,
477,780-2025/DIN-INDECOPI,813-2023/DIN,000813-2023/DIN,Modelo de utilidad,PANEL SOLAR PARA MOCHILAS,,,,pendiente,
561,003181-2025/DIN-INDECOPI,000624-2024/DIN,000624-2024/DIN,Modelo de utilidad,MESA INTERACTIVA CON SISTEMA DE LIMPIEZA Y DESINFECCION CON AUTONOMIA ENERGETICA,,,,pendiente,
572,13675,001140-2021/DIN,001140-2021/DIN,Patente de invención,SISTEMA GENERADOR DE ENERGÍA ELÉCTRICA AUTÓNOMO A PARTIR DE AGUA DE MAR Y MÉTODO PARA GENERAR ENERGÍA ELÉCTRICA A PARTIR DE AGUA DE MAR MEDIANTE REACCIÓN CONTROLADA CON HIDRUROS METÁLICOS,,,,pendiente,